Timestamp_IST,Instrument,Signal_Type,Close_Price,Upper_BB,Lower_BB
2026-03-24 12:00:00+00:00,MCL,CROSS_UPPER,91.34,91.26,89.63
2026-03-24 13:00:00+00:00,MGC,CROSS_LOWER,4373.4,4438.27,4381.61
2026-03-24 13:00:00+00:00,SIL,CROSS_LOWER,68.17,70.76,68.75
2026-03-24 13:00:00+00:00,MCL,CROSS_UPPER,91.91,91.78,89.84
2026-03-24 13:30:00+00:00,MGC,CROSS_LOWER,4360.6,4442.4,4369.81
2026-03-24 13:30:00+00:00,SIL,CROSS_LOWER,68.2,70.83,68.47
2026-03-24 13:30:00+00:00,MCL,CROSS_UPPER,92.52,92.23,89.81
2026-03-24 16:00:00+00:00,MCL,TOUCH_UPPER,92.48,92.49,90.8
2026-03-24 17:15:00+00:00,MCL,TOUCH_UPPER,92.85,92.89,91.19
2026-03-24 22:15:00+00:00,MGC,CROSS_UPPER,4471.3,4468.12,4369.0
2026-03-24 22:15:00+00:00,SIL,CROSS_UPPER,71.57,71.21,68.97
2026-03-24 22:15:00+00:00,MCL,TOUCH_LOWER,89.08,93.67,88.94
2026-03-24 23:00:00+00:00,SIL,CROSS_UPPER,71.82,71.81,68.94
2026-03-24 23:45:00+00:00,MGC,CROSS_UPPER,4536.9,4525.8,4374.04
2026-03-24 23:45:00+00:00,SIL,CROSS_UPPER,72.77,72.6,69.13
2026-03-25 06:00:00+00:00,MGC,CROSS_LOWER,4550.3,4590.5,4555.06
2026-03-25 06:00:00+00:00,SIL,CROSS_LOWER,73.17,74.23,73.26
2026-03-25 06:00:00+00:00,MCL,CROSS_UPPER,89.28,89.23,87.51
2026-03-25 08:45:00+00:00,MCL,CROSS_LOWER,87.53,89.59,87.56
2026-03-25 09:30:00+00:00,SIL,CROSS_LOWER,72.89,73.62,72.98
2026-03-25 09:45:00+00:00,SIL,PRIORITY_LOWER,72.63,73.63,72.84
2026-03-25 09:45:00+00:00,MGC,TOUCH_LOWER,4540.3,4568.07,4538.83
2026-03-25 10:00:00+00:00,SIL,TOUCH_LOWER,72.93,73.58,72.86
2026-03-25 10:00:00+00:00,MCL,TOUCH_LOWER,87.36,89.58,87.24
2026-03-25 10:00:00+00:00,SIL,CROSS_LOWER,72.72,73.59,72.82
2026-03-25 10:15:00+00:00,SIL,CROSS_LOWER,72.76,73.59,72.78
2026-03-25 10:15:00+00:00,MCL,TOUCH_LOWER,87.45,89.54,87.13
2026-03-25 10:30:00+00:00,SIL,TOUCH_LOWER,72.75,73.53,72.74
2026-03-25 10:30:00+00:00,SIL,CROSS_LOWER,72.61,73.55,72.72
2026-03-25 10:45:00+00:00,SIL,TOUCH_LOWER,72.69,73.53,72.67
2026-03-25 10:45:00+00:00,MCL,TOUCH_LOWER,87.04,89.42,86.97
2026-03-25 11:00:00+00:00,MGC,CROSS_UPPER,4566.3,4565.16,4543.15
2026-03-25 11:00:00+00:00,MCL,CROSS_LOWER,86.81,89.31,86.83
2026-03-25 11:00:00+00:00,MGC,TOUCH_UPPER,4564.4,4564.83,4543.29
2026-03-25 11:15:00+00:00,MGC,TOUCH_UPPER,4566.4,4566.59,4543.39
2026-03-25 11:15:00+00:00,MCL,TOUCH_LOWER,86.71,89.19,86.68
2026-03-25 11:15:00+00:00,MGC,CROSS_UPPER,4567.2,4566.72,4543.34
2026-03-25 11:30:00+00:00,MGC,PRIORITY_UPPER,4581.7,4572.99,4541.68
2026-03-25 11:30:00+00:00,SIL,TOUCH_UPPER,73.39,73.56,72.74
2026-03-25 11:30:00+00:00,MCL,TOUCH_LOWER,87.18,88.96,86.69
2026-03-25 11:45:00+00:00,MGC,PRIORITY_UPPER,4580.1,4575.89,4542.43
2026-03-25 11:45:00+00:00,MGC,TOUCH_UPPER,4572.6,4574.57,4543.0
2026-03-25 11:45:00+00:00,MGC,CROSS_UPPER,4577.3,4575.36,4542.68
2026-03-25 12:00:00+00:00,MGC,CROSS_UPPER,4581.1,4578.21,4542.45
2026-03-25 12:00:00+00:00,MGC,TOUCH_UPPER,4573.0,4576.87,4542.98
2026-03-25 12:15:00+00:00,MGC,TOUCH_UPPER,4562.2,4577.56,4542.91
2026-03-25 12:15:00+00:00,MCL,TOUCH_UPPER,88.21,88.45,86.75
2026-03-25 12:15:00+00:00,SIL,TOUCH_LOWER,72.98,73.54,72.72
2026-03-25 12:15:00+00:00,MCL,CROSS_UPPER,88.51,88.49,86.74
2026-03-25 12:30:00+00:00,MGC,CROSS_LOWER,4538.6,4577.92,4539.92
2026-03-25 12:30:00+00:00,SIL,CROSS_LOWER,72.61,73.55,72.63
2026-03-25 12:30:00+00:00,MCL,PRIORITY_UPPER,89.07,88.66,86.66
2026-03-25 12:30:00+00:00,MGC,TOUCH_LOWER,4541.3,4577.73,4540.38
2026-03-25 12:30:00+00:00,SIL,TOUCH_LOWER,72.86,73.54,72.67
2026-03-25 12:30:00+00:00,MCL,TOUCH_UPPER,88.35,88.53,86.72
2026-03-25 12:45:00+00:00,MGC,CROSS_LOWER,4539.3,4577.49,4541.1
2026-03-25 12:45:00+00:00,MCL,CROSS_UPPER,88.6,88.59,86.69
2026-03-25 12:45:00+00:00,MGC,TOUCH_LOWER,4543.2,4577.22,4541.76
2026-03-25 12:45:00+00:00,MCL,TOUCH_UPPER,88.56,88.59,86.7
2026-03-25 13:00:00+00:00,MGC,TOUCH_LOWER,4542.5,4577.39,4539.94
2026-03-25 13:00:00+00:00,MCL,TOUCH_UPPER,88.45,88.63,86.69
2026-03-25 13:45:00+00:00,SIL,CROSS_LOWER,72.31,73.43,72.53
2026-03-25 13:45:00+00:00,MCL,TOUCH_UPPER,88.61,88.7,86.78
2026-03-25 13:45:00+00:00,MGC,TOUCH_LOWER,4540.6,4577.5,4539.68
2026-03-25 14:00:00+00:00,MGC,CROSS_LOWER,4533.6,4577.75,4536.93
2026-03-25 14:00:00+00:00,SIL,CROSS_LOWER,72.09,73.44,72.41
2026-03-25 14:00:00+00:00,MCL,TOUCH_UPPER,88.81,88.84,86.79
2026-03-25 14:00:00+00:00,MGC,TOUCH_LOWER,4545.3,4577.06,4538.79
2026-03-25 14:00:00+00:00,SIL,TOUCH_LOWER,72.5,73.39,72.49
2026-03-25 14:00:00+00:00,MCL,CROSS_UPPER,88.88,88.85,86.79
2026-03-25 14:15:00+00:00,MCL,TOUCH_UPPER,88.53,88.85,86.8
2026-03-25 14:45:00+00:00,SIL,CROSS_UPPER,73.49,73.47,72.55
2026-03-25 14:45:00+00:00,SIL,TOUCH_UPPER,73.25,73.44,72.56
2026-03-25 15:15:00+00:00,MCL,PRIORITY_UPPER,89.59,89.44,86.78
2026-03-25 15:15:00+00:00,MGC,TOUCH_LOWER,4546.3,4578.44,4540.09
2026-03-25 15:15:00+00:00,SIL,TOUCH_LOWER,72.56,73.44,72.52
2026-03-25 15:15:00+00:00,MCL,CROSS_UPPER,89.74,89.47,86.77
2026-03-25 15:30:00+00:00,MCL,TOUCH_UPPER,89.55,89.58,86.8
2026-03-25 15:45:00+00:00,MCL,CROSS_UPPER,89.79,89.78,86.88
2026-03-25 16:00:00+00:00,MCL,PRIORITY_UPPER,90.5,90.11,86.99
2026-03-25 16:00:00+00:00,MCL,CROSS_UPPER,90.45,90.1,86.99
2026-03-25 16:15:00+00:00,MCL,PRIORITY_UPPER,90.27,90.23,87.2
2026-03-25 16:15:00+00:00,MCL,TOUCH_UPPER,90.11,90.2,87.21
2026-03-25 16:30:00+00:00,MCL,TOUCH_UPPER,90.26,90.32,87.38
2026-03-25 16:45:00+00:00,MCL,TOUCH_UPPER,90.44,90.46,87.56
2026-03-25 17:00:00+00:00,MCL,TOUCH_UPPER,90.52,90.52,87.8
2026-03-25 17:00:00+00:00,MGC,TOUCH_LOWER,4543.6,4565.64,4542.33
2026-03-25 17:00:00+00:00,SIL,TOUCH_LOWER,72.53,73.18,72.52
2026-03-25 17:00:00+00:00,MCL,CROSS_UPPER,90.63,90.54,87.79
2026-03-25 17:15:00+00:00,MCL,TOUCH_UPPER,90.62,90.7,87.81
2026-03-25 17:15:00+00:00,MGC,TOUCH_LOWER,4546.1,4565.33,4543.46
2026-03-25 17:15:00+00:00,SIL,TOUCH_LOWER,72.67,73.17,72.53
2026-03-25 17:15:00+00:00,MCL,CROSS_UPPER,90.72,90.72,87.8
2026-03-25 17:45:00+00:00,MGC,CROSS_LOWER,4543.8,4565.28,4545.37
2026-03-25 18:00:00+00:00,MGC,TOUCH_LOWER,4547.0,4564.8,4545.17
2026-03-25 18:00:00+00:00,MGC,TOUCH_UPPER,4551.5,4564.7,4545.72
2026-03-25 18:00:00+00:00,SIL,TOUCH_LOWER,72.69,73.13,72.49
2026-03-25 18:15:00+00:00,MGC,TOUCH_LOWER,4549.2,4562.94,4545.37
2026-03-25 18:15:00+00:00,SIL,CROSS_LOWER,72.38,73.11,72.43
2026-03-25 18:15:00+00:00,SIL,TOUCH_LOWER,72.56,73.1,72.46
2026-03-25 18:30:00+00:00,SIL,TOUCH_LOWER,72.43,73.11,72.4
2026-03-25 18:30:00+00:00,MGC,TOUCH_LOWER,4546.9,4562.31,4544.66
2026-03-25 18:30:00+00:00,SIL,CROSS_LOWER,72.26,73.12,72.37
2026-03-25 18:45:00+00:00,MGC,CROSS_LOWER,4544.6,4562.19,4544.94
2026-03-25 18:45:00+00:00,SIL,PRIORITY_LOWER,72.34,73.12,72.38
2026-03-25 18:45:00+00:00,SIL,CROSS_LOWER,72.17,73.14,72.34
2026-03-25 18:45:00+00:00,MCL,CROSS_UPPER,91.14,90.98,88.87
2026-03-25 19:00:00+00:00,MGC,PRIORITY_LOWER,4535.9,4563.91,4540.79
2026-03-25 19:00:00+00:00,SIL,PRIORITY_LOWER,72.18,73.15,72.28
2026-03-25 19:00:00+00:00,MCL,CROSS_UPPER,91.18,91.1,89.0
2026-03-25 19:00:00+00:00,MCL,TOUCH_UPPER,91.08,91.08,89.01
2026-03-25 19:00:00+00:00,MGC,CROSS_LOWER,4499.1,4571.23,4529.79
2026-03-25 19:00:00+00:00,SIL,CROSS_LOWER,71.52,73.25,72.12
2026-03-25 19:15:00+00:00,MGC,PRIORITY_LOWER,4508.9,4571.01,4525.59
2026-03-25 19:15:00+00:00,SIL,PRIORITY_LOWER,71.78,73.2,72.07
2026-03-26 00:45:00+00:00,MCL,TOUCH_UPPER,91.32,91.39,90.83
2026-03-26 00:45:00+00:00,MGC,CROSS_UPPER,4533.8,4532.25,4495.76
2026-03-26 00:45:00+00:00,SIL,TOUCH_UPPER,72.12,72.2,70.82
2026-03-26 00:45:00+00:00,MCL,CROSS_UPPER,91.4,91.4,90.82
2026-03-26 00:45:00+00:00,MGC,TOUCH_UPPER,4527.1,4531.17,4496.17
2026-03-26 01:00:00+00:00,MGC,TOUCH_UPPER,4533.9,4534.43,4496.14
2026-03-26 01:00:00+00:00,SIL,TOUCH_UPPER,72.04,72.23,70.81
2026-03-26 01:00:00+00:00,MCL,TOUCH_UPPER,91.36,91.4,90.86
2026-03-26 01:00:00+00:00,MCL,CROSS_UPPER,91.46,91.41,90.85
2026-03-26 01:15:00+00:00,MCL,PRIORITY_UPPER,91.51,91.43,90.92
2026-03-26 01:15:00+00:00,MCL,CROSS_UPPER,91.53,91.44,90.92
2026-03-26 01:30:00+00:00,MCL,CROSS_UPPER,91.45,91.44,90.94
2026-03-26 01:30:00+00:00,MCL,TOUCH_UPPER,91.25,91.41,90.95
2026-03-26 01:45:00+00:00,MCL,TOUCH_UPPER,91.29,91.43,90.98
2026-03-26 02:00:00+00:00,SIL,TOUCH_UPPER,72.18,72.18,70.82
2026-03-26 02:00:00+00:00,MCL,TOUCH_UPPER,91.41,91.45,90.97
2026-03-26 02:15:00+00:00,SIL,TOUCH_UPPER,72.21,72.25,70.8
2026-03-26 02:15:00+00:00,MCL,TOUCH_UPPER,91.42,91.46,90.97
2026-03-26 02:30:00+00:00,MCL,CROSS_UPPER,91.62,91.5,90.96
2026-03-26 02:30:00+00:00,MCL,TOUCH_UPPER,91.41,91.47,90.97
2026-03-26 02:45:00+00:00,MCL,CROSS_UPPER,91.51,91.5,90.96
2026-03-26 03:00:00+00:00,MCL,PRIORITY_UPPER,91.97,91.71,90.89
2026-03-26 03:15:00+00:00,MCL,TOUCH_UPPER,91.69,91.69,90.92
2026-03-26 03:15:00+00:00,MCL,CROSS_UPPER,91.76,91.71,90.92
2026-03-26 03:15:00+00:00,MGC,TOUCH_LOWER,4502.1,4537.74,4497.07
2026-03-26 03:30:00+00:00,MCL,CROSS_UPPER,91.78,91.77,90.93
2026-03-26 03:30:00+00:00,MCL,TOUCH_UPPER,91.61,91.75,90.94
2026-03-26 03:45:00+00:00,MGC,PRIORITY_LOWER,4508.1,4600.0,4530.79
2026-03-26 03:45:00+00:00,SIL,PRIORITY_LOWER,71.85,74.57,72.62
2026-03-26 03:45:00+00:00,MCL,PRIORITY_UPPER,91.8,89.89,86.87
2026-03-26 04:00:00+00:00,MGC,PRIORITY_LOWER,4513.6,4599.23,4532.11
2026-03-26 04:00:00+00:00,SIL,PRIORITY_LOWER,71.93,74.55,72.64
2026-03-26 04:00:00+00:00,MCL,PRIORITY_UPPER,91.75,89.87,86.88
2026-03-26 04:15:00+00:00,MCL,PRIORITY_UPPER,91.68,91.52,90.77
2026-03-26 04:15:00+00:00,MGC,PRIORITY_LOWER,4516.1,4598.78,4532.9
2026-03-26 04:15:00+00:00,SIL,PRIORITY_LOWER,72.14,74.56,72.63
2026-03-26 04:30:00+00:00,MGC,PRIORITY_LOWER,4518.6,4600.34,4529.03
2026-03-26 04:30:00+00:00,SIL,PRIORITY_LOWER,72.14,74.62,72.5
2026-03-26 04:30:00+00:00,MCL,PRIORITY_UPPER,91.8,90.85,86.51
2026-03-26 04:45:00+00:00,MGC,PRIORITY_LOWER,4514.8,4602.48,4522.96
2026-03-26 04:45:00+00:00,SIL,PRIORITY_LOWER,71.92,74.71,72.26
2026-03-26 04:45:00+00:00,MCL,PRIORITY_UPPER,91.87,91.27,86.41
2026-03-26 04:45:00+00:00,MCL,CROSS_UPPER,91.97,91.92,91.18
2026-03-26 05:00:00+00:00,MCL,PRIORITY_UPPER,92.11,92.01,91.18
2026-03-26 05:00:00+00:00,MGC,TOUCH_LOWER,4506.8,4533.91,4504.03
2026-03-26 05:00:00+00:00,SIL,CROSS_LOWER,71.47,72.16,71.53
2026-03-26 05:00:00+00:00,MCL,CROSS_UPPER,92.09,92.0,91.18
2026-03-26 05:15:00+00:00,MCL,PRIORITY_UPPER,92.09,91.99,90.75
2026-03-26 05:15:00+00:00,SIL,TOUCH_LOWER,71.49,72.18,71.48
2026-03-26 05:15:00+00:00,MGC,CROSS_LOWER,4498.1,4534.21,4501.15
2026-03-26 05:15:00+00:00,SIL,CROSS_LOWER,70.9,72.25,71.35
2026-03-26 05:15:00+00:00,MCL,TOUCH_UPPER,92.02,92.06,91.21
2026-03-26 05:30:00+00:00,MGC,PRIORITY_LOWER,4484.0,4535.98,4494.51
2026-03-26 05:30:00+00:00,SIL,PRIORITY_LOWER,70.82,72.32,71.18
2026-03-26 05:30:00+00:00,MCL,CROSS_UPPER,92.19,92.14,91.23
2026-03-26 05:30:00+00:00,MCL,TOUCH_UPPER,92.07,92.12,91.24
2026-03-26 05:45:00+00:00,MGC,PRIORITY_LOWER,4477.2,4536.33,4488.1
2026-03-26 05:45:00+00:00,SIL,PRIORITY_LOWER,70.71,72.34,71.02
2026-03-26 05:45:00+00:00,MCL,PRIORITY_UPPER,92.25,92.21,91.26
2026-03-26 05:45:00+00:00,MCL,CROSS_UPPER,92.26,92.21,91.26
2026-03-26 06:00:00+00:00,MGC,PRIORITY_LOWER,4445.6,4544.37,4466.89
2026-03-26 06:00:00+00:00,SIL,PRIORITY_LOWER,69.95,72.61,70.44
2026-03-26 06:00:00+00:00,MCL,PRIORITY_UPPER,92.33,92.3,91.27
2026-03-26 06:00:00+00:00,MCL,CROSS_UPPER,92.37,92.3,91.27
2026-03-26 06:15:00+00:00,MGC,PRIORITY_LOWER,4416.0,4550.95,4446.09
2026-03-26 06:15:00+00:00,SIL,PRIORITY_LOWER,69.41,72.76,70.01
2026-03-26 06:15:00+00:00,MCL,CROSS_UPPER,92.46,92.4,91.29
2026-03-26 06:15:00+00:00,MCL,TOUCH_UPPER,92.35,92.38,91.3
2026-03-26 06:30:00+00:00,MGC,PRIORITY_LOWER,4434.3,4547.44,4442.53
2026-03-26 06:30:00+00:00,SIL,TOUCH_LOWER,69.99,72.68,69.96
2026-03-26 06:30:00+00:00,SIL,CROSS_LOWER,69.94,72.69,69.95
2026-03-26 06:30:00+00:00,MCL,TOUCH_UPPER,92.26,92.39,91.36
2026-03-26 06:30:00+00:00,MGC,CROSS_LOWER,4440.5,4546.94,4443.65
2026-03-26 07:00:00+00:00,MCL,CROSS_UPPER,92.53,92.48,91.49
2026-03-26 07:00:00+00:00,SIL,CROSS_LOWER,69.47,72.55,69.64
2026-03-26 07:15:00+00:00,SIL,CROSS_LOWER,69.38,72.51,69.42
2026-03-26 07:15:00+00:00,MCL,PRIORITY_UPPER,92.89,92.65,91.5
2026-03-26 07:15:00+00:00,SIL,TOUCH_LOWER,69.63,72.49,69.46
2026-03-26 07:30:00+00:00,MCL,PRIORITY_UPPER,93.08,92.81,91.52
2026-03-26 07:45:00+00:00,MCL,CROSS_UPPER,92.93,92.9,91.53
2026-03-26 08:00:00+00:00,MCL,TOUCH_UPPER,92.9,93.0,91.57
2026-03-26 08:15:00+00:00,SIL,TOUCH_LOWER,68.89,72.22,68.82
2026-03-26 08:15:00+00:00,MCL,TOUCH_UPPER,92.97,93.08,91.61
2026-03-26 08:30:00+00:00,SIL,TOUCH_LOWER,68.6,72.11,68.54
2026-03-26 08:30:00+00:00,MCL,PRIORITY_UPPER,93.49,93.33,91.6
2026-03-26 08:30:00+00:00,SIL,CROSS_LOWER,68.39,72.13,68.51
2026-03-26 08:45:00+00:00,SIL,CROSS_LOWER,68.18,72.01,68.22
2026-03-26 08:45:00+00:00,MCL,PRIORITY_UPPER,93.85,93.57,91.6
2026-03-26 08:45:00+00:00,SIL,TOUCH_LOWER,68.44,72.0,68.26
2026-03-26 09:00:00+00:00,MCL,CROSS_UPPER,93.65,93.64,91.71
2026-03-26 09:00:00+00:00,SIL,TOUCH_LOWER,68.25,71.78,68.08
2026-03-26 09:00:00+00:00,MCL,TOUCH_UPPER,93.31,93.59,91.73
2026-03-26 09:15:00+00:00,MCL,CROSS_UPPER,93.78,93.75,91.8
2026-03-26 09:15:00+00:00,MCL,TOUCH_UPPER,93.66,93.73,91.81
2026-03-26 09:30:00+00:00,SIL,TOUCH_LOWER,67.81,71.24,67.81
2026-03-26 09:30:00+00:00,MCL,TOUCH_UPPER,93.64,93.81,91.9
2026-03-26 11:15:00+00:00,MGC,TOUCH_UPPER,4444.0,4453.08,4417.63
2026-03-26 11:30:00+00:00,MCL,TOUCH_UPPER,93.72,93.86,92.71
2026-03-26 11:45:00+00:00,MCL,PRIORITY_UPPER,94.19,94.0,92.8
2026-03-26 11:45:00+00:00,SIL,CROSS_LOWER,67.13,69.47,67.46
2026-03-26 11:45:00+00:00,SIL,TOUCH_LOWER,67.54,69.44,67.54
2026-03-26 12:00:00+00:00,SIL,CROSS_LOWER,67.36,69.35,67.4
2026-03-26 12:00:00+00:00,MCL,PRIORITY_UPPER,94.74,94.31,92.73
2026-03-26 12:00:00+00:00,MGC,TOUCH_LOWER,4421.0,4448.92,4415.22
2026-03-26 12:00:00+00:00,SIL,TOUCH_LOWER,67.49,69.35,67.43
2026-03-26 12:15:00+00:00,MCL,TOUCH_UPPER,94.23,94.28,92.82
2026-03-26 12:30:00+00:00,MCL,TOUCH_UPPER,94.24,94.33,92.88
2026-03-26 12:30:00+00:00,MCL,CROSS_UPPER,94.4,94.35,92.87
2026-03-26 12:45:00+00:00,MCL,TOUCH_UPPER,94.45,94.47,92.9
2026-03-26 12:45:00+00:00,SIL,TOUCH_LOWER,67.67,68.69,67.57
2026-03-26 13:00:00+00:00,SIL,CROSS_LOWER,67.51,68.48,67.6
2026-03-26 13:00:00+00:00,MGC,TOUCH_LOWER,4438.3,4442.15,4418.2
2026-03-26 13:00:00+00:00,SIL,TOUCH_LOWER,68.29,68.49,67.67
2026-03-26 13:00:00+00:00,SIL,TOUCH_UPPER,68.47,68.51,67.66
2026-03-26 13:15:00+00:00,SIL,TOUCH_UPPER,68.43,68.5,67.67
2026-03-26 13:15:00+00:00,MGC,CROSS_UPPER,4446.8,4444.08,4418.29
2026-03-26 13:15:00+00:00,SIL,CROSS_UPPER,68.72,68.55,67.65
2026-03-26 13:30:00+00:00,MGC,TOUCH_UPPER,4444.7,4444.88,4420.14
2026-03-26 13:30:00+00:00,SIL,CROSS_UPPER,68.67,68.62,67.64
2026-03-26 13:30:00+00:00,SIL,TOUCH_UPPER,68.46,68.59,67.65
2026-03-26 13:45:00+00:00,MGC,CROSS_UPPER,4456.1,4449.36,4419.38
2026-03-26 13:45:00+00:00,SIL,PRIORITY_UPPER,69.22,68.87,67.52
2026-03-26 13:45:00+00:00,MCL,TOUCH_LOWER,92.9,94.47,92.88
2026-03-26 14:00:00+00:00,MGC,TOUCH_UPPER,4447.4,4449.59,4420.53
2026-03-26 14:00:00+00:00,SIL,PRIORITY_UPPER,69.32,69.05,67.46
2026-03-26 14:00:00+00:00,MCL,TOUCH_LOWER,92.92,94.48,92.79
2026-03-26 14:00:00+00:00,SIL,CROSS_UPPER,69.07,69.01,67.48
2026-03-26 14:15:00+00:00,MGC,TOUCH_UPPER,4446.1,4450.27,4421.13
2026-03-26 14:15:00+00:00,SIL,CROSS_UPPER,69.21,69.13,67.48
2026-03-26 14:15:00+00:00,MCL,TOUCH_LOWER,92.95,94.48,92.69
2026-03-26 14:15:00+00:00,MGC,CROSS_UPPER,4451.2,4451.05,4420.86
2026-03-26 14:30:00+00:00,MGC,PRIORITY_UPPER,4458.2,4454.5,4421.53
2026-03-26 14:30:00+00:00,SIL,PRIORITY_UPPER,69.55,69.34,67.44
2026-03-26 14:30:00+00:00,MGC,CROSS_UPPER,4467.6,4456.56,4420.41
2026-03-26 14:30:00+00:00,MCL,TOUCH_LOWER,92.69,94.48,92.61
2026-03-26 14:45:00+00:00,MGC,CROSS_UPPER,4464.1,4457.43,4422.75
2026-03-26 14:45:00+00:00,SIL,TOUCH_UPPER,69.31,69.38,67.48
2026-03-26 14:45:00+00:00,MGC,TOUCH_UPPER,4449.5,4454.9,4423.82
2026-03-26 15:00:00+00:00,MGC,PRIORITY_UPPER,4462.9,4459.47,4424.52
2026-03-26 15:00:00+00:00,MGC,TOUCH_UPPER,4457.6,4458.53,4424.93
2026-03-26 16:15:00+00:00,MGC,CROSS_LOWER,4414.5,4459.43,4422.43
2026-03-26 16:15:00+00:00,SIL,CROSS_LOWER,67.54,69.55,67.54
2026-03-26 16:30:00+00:00,MGC,PRIORITY_LOWER,4380.9,4467.43,4406.59
2026-03-26 16:30:00+00:00,MCL,CROSS_UPPER,95.11,95.04,93.02
2026-03-26 16:45:00+00:00,MGC,PRIORITY_LOWER,4379.3,4471.18,4398.4
2026-03-26 17:00:00+00:00,MGC,REVERSAL_BREAK_LOWER,4388.4,4471.17,4393.92
2026-03-26 17:00:00+00:00,MGC,REVERSAL_CLOSE_LOWER,4388.4,4471.17,4393.92
2026-03-26 17:00:00+00:00,MGC,PRIORITY_LOWER,4388.4,4471.17,4393.92
2026-03-26 17:00:00+00:00,MGC,CROSS_LOWER,4394.1,4470.72,4394.94
2026-03-26 17:15:00+00:00,MGC,REVERSAL_BREAK_LOWER,4390.1,4471.13,4389.46
2026-03-26 17:15:00+00:00,MGC,CROSS_LOWER,4389.3,4471.19,4389.32
2026-03-26 17:30:00+00:00,MGC,CROSS_LOWER,4381.0,4472.4,4381.81
2026-03-26 17:45:00+00:00,SIL,CROSS_LOWER,67.47,69.54,67.52
2026-03-26 17:45:00+00:00,MCL,CROSS_UPPER,95.39,95.35,92.98
2026-03-26 18:15:00+00:00,MGC,CROSS_LOWER,4365.4,4470.65,4365.63
2026-03-26 18:15:00+00:00,SIL,CROSS_LOWER,66.82,69.59,67.18
2026-03-27 01:30:00+00:00,MGC,CROSS_UPPER,4412.2,4410.54,4374.14
2026-03-27 01:45:00+00:00,MGC,PRIORITY_UPPER,4412.3,4410.8,4379.03
2026-03-27 02:00:00+00:00,MGC,CROSS_UPPER,4415.8,4413.08,4378.69
2026-03-27 02:00:00+00:00,MCL,CROSS_LOWER,92.41,93.87,92.84
2026-03-27 02:00:00+00:00,SIL,CROSS_UPPER,69.1,69.09,68.02
2026-03-27 02:15:00+00:00,MGC,PRIORITY_UPPER,4429.5,4420.34,4375.64
2026-03-27 02:30:00+00:00,MGC,REVERSAL_BREAK_UPPER,4420.9,4421.8,4375.67
2026-03-27 02:30:00+00:00,MGC,REVERSAL_CLOSE_UPPER,4420.9,4421.8,4375.67
2026-03-27 02:30:00+00:00,MGC,CROSS_UPPER,4426.5,4422.78,4375.25
2026-03-27 02:45:00+00:00,MGC,CROSS_UPPER,4424.8,4424.77,4378.06
2026-03-27 03:00:00+00:00,MGC,CROSS_UPPER,4428.3,4428.18,4378.09
2026-03-27 03:30:00+00:00,SIL,CROSS_UPPER,69.33,69.26,68.04
2026-03-27 03:30:00+00:00,MGC,CROSS_UPPER,4435.2,4434.22,4378.7
2026-03-27 03:45:00+00:00,SIL,CROSS_UPPER,69.34,69.32,68.01
2026-03-27 03:45:00+00:00,MGC,PRIORITY_UPPER,4428.9,4413.58,4370.27
2026-03-27 03:45:00+00:00,SIL,PRIORITY_UPPER,69.38,69.28,67.66
2026-03-27 04:00:00+00:00,MGC,PRIORITY_UPPER,4434.1,4414.93,4369.44
2026-03-27 04:00:00+00:00,SIL,PRIORITY_UPPER,69.42,69.28,67.65
2026-03-27 04:15:00+00:00,MGC,REVERSAL_BREAK_UPPER,4427.6,4418.1,4376.01
2026-03-27 04:15:00+00:00,MGC,REVERSAL_CLOSE_UPPER,4427.6,4418.1,4376.01
2026-03-27 04:15:00+00:00,MGC,PRIORITY_UPPER,4427.6,4418.1,4376.01
2026-03-27 04:15:00+00:00,SIL,REVERSAL_BREAK_UPPER,69.23,69.18,67.97
2026-03-27 04:15:00+00:00,SIL,REVERSAL_CLOSE_UPPER,69.23,69.18,67.97
2026-03-27 04:15:00+00:00,SIL,PRIORITY_UPPER,69.23,69.18,67.97
2026-03-27 04:30:00+00:00,MGC,PRIORITY_UPPER,4429.0,4421.5,4374.35
2026-03-27 04:30:00+00:00,SIL,PRIORITY_UPPER,69.37,69.33,67.98
2026-03-27 04:30:00+00:00,SIL,CROSS_UPPER,69.54,69.36,67.97
2026-03-27 04:45:00+00:00,MGC,PRIORITY_UPPER,4441.4,4429.68,4372.05
2026-03-27 04:45:00+00:00,SIL,PRIORITY_UPPER,69.73,69.47,67.9
2026-03-27 05:00:00+00:00,MGC,PRIORITY_UPPER,4438.9,4433.82,4374.25
2026-03-27 05:00:00+00:00,SIL,PRIORITY_UPPER,69.68,69.59,67.93
2026-03-27 05:15:00+00:00,MGC,PRIORITY_UPPER,4438.9,4437.99,4370.7
2026-03-27 05:15:00+00:00,SIL,PRIORITY_UPPER,69.79,69.73,67.9
2026-03-27 05:15:00+00:00,SIL,CROSS_UPPER,69.77,69.73,67.91
2026-03-27 05:15:00+00:00,MGC,CROSS_UPPER,4439.0,4438.01,4370.69
2026-03-27 05:30:00+00:00,MGC,REVERSAL_BREAK_UPPER,4445.0,4442.51,4374.96
2026-03-27 05:30:00+00:00,MGC,CROSS_UPPER,4445.0,4442.51,4374.96
2026-03-27 05:30:00+00:00,SIL,REVERSAL_BREAK_UPPER,70.0,69.85,67.91
2026-03-27 05:30:00+00:00,SIL,CROSS_UPPER,70.0,69.85,67.91
2026-03-27 05:45:00+00:00,MGC,PRIORITY_UPPER,4458.5,4451.7,4372.97
2026-03-27 05:45:00+00:00,SIL,PRIORITY_UPPER,70.18,70.05,67.93
2026-03-27 06:00:00+00:00,MGC,REVERSAL_BREAK_UPPER,4454.1,4454.69,4373.78
2026-03-27 06:00:00+00:00,MGC,REVERSAL_CLOSE_UPPER,4454.1,4454.69,4373.78
2026-03-27 06:00:00+00:00,SIL,REVERSAL_BREAK_UPPER,69.7,70.01,67.9
2026-03-27 06:00:00+00:00,SIL,REVERSAL_CLOSE_UPPER,69.7,70.01,67.9
2026-03-27 06:00:00+00:00,MCL,CROSS_UPPER,94.1,94.07,93.13
2026-03-27 06:00:00+00:00,MGC,CROSS_UPPER,4458.1,4455.34,4373.44
2026-03-27 06:15:00+00:00,MGC,CROSS_UPPER,4457.3,4455.68,4412.85
2026-03-27 06:30:00+00:00,MGC,CROSS_UPPER,4459.7,4458.11,4415.03
2026-03-27 06:45:00+00:00,MCL,CROSS_UPPER,94.23,94.16,93.16
2026-03-27 07:00:00+00:00,MCL,CROSS_UPPER,94.43,94.25,93.23
2026-03-27 07:15:00+00:00,MCL,PRIORITY_UPPER,94.87,94.51,93.2
2026-03-27 07:30:00+00:00,MCL,PRIORITY_UPPER,95.13,94.74,93.17
2026-03-27 07:30:00+00:00,MGC,CROSS_UPPER,4479.1,4466.2,4421.11
2026-03-27 07:45:00+00:00,MGC,PRIORITY_UPPER,4475.3,4469.31,4422.53
2026-03-27 07:45:00+00:00,MCL,PRIORITY_UPPER,95.39,95.0,93.13
2026-03-27 07:45:00+00:00,MCL,CROSS_UPPER,95.11,94.95,93.16
2026-03-27 08:00:00+00:00,MGC,PRIORITY_UPPER,4474.7,4472.36,4424.56
2026-03-27 08:00:00+00:00,MCL,REVERSAL_BREAK_UPPER,95.01,95.04,93.23
2026-03-27 08:00:00+00:00,MCL,REVERSAL_CLOSE_UPPER,95.01,95.04,93.23
2026-03-27 08:00:00+00:00,MGC,CROSS_UPPER,4473.3,4472.11,4424.67
2026-03-27 08:00:00+00:00,MCL,CROSS_UPPER,95.08,95.05,93.22
2026-03-27 08:15:00+00:00,MGC,REVERSAL_BREAK_UPPER,4472.8,4474.86,4426.32
2026-03-27 08:15:00+00:00,MGC,REVERSAL_CLOSE_UPPER,4468.1,4474.17,4426.55
2026-03-27 08:15:00+00:00,SIL,CROSS_LOWER,69.25,70.04,69.26
2026-03-27 08:15:00+00:00,MCL,CROSS_UPPER,95.57,95.25,93.21
2026-03-27 08:30:00+00:00,SIL,PRIORITY_LOWER,69.08,70.08,69.18
2026-03-27 08:30:00+00:00,MCL,PRIORITY_UPPER,96.03,95.59,93.16
2026-03-27 08:45:00+00:00,SIL,REVERSAL_BREAK_LOWER,69.17,70.08,69.15
2026-03-27 08:45:00+00:00,SIL,REVERSAL_CLOSE_LOWER,69.17,70.08,69.15
2026-03-27 08:45:00+00:00,MCL,PRIORITY_UPPER,95.84,95.73,93.24
2026-03-27 08:45:00+00:00,SIL,CROSS_LOWER,69.13,70.09,69.15
2026-03-27 09:00:00+00:00,SIL,PRIORITY_LOWER,68.9,70.14,69.02
2026-03-27 09:00:00+00:00,MCL,PRIORITY_UPPER,96.06,95.97,93.28
2026-03-27 09:00:00+00:00,SIL,CROSS_LOWER,68.79,70.15,69.0
2026-03-27 09:00:00+00:00,MCL,CROSS_UPPER,96.19,95.99,93.27
2026-03-27 09:15:00+00:00,SIL,PRIORITY_LOWER,68.9,70.17,68.94
2026-03-27 09:15:00+00:00,MCL,CROSS_UPPER,96.21,96.18,93.34
2026-03-27 09:15:00+00:00,SIL,CROSS_LOWER,68.93,70.17,68.95
2026-03-27 09:30:00+00:00,SIL,REVERSAL_BREAK_LOWER,68.98,70.16,68.91
2026-03-27 09:30:00+00:00,SIL,REVERSAL_CLOSE_LOWER,68.98,70.16,68.91
2026-03-27 09:30:00+00:00,MCL,REVERSAL_BREAK_UPPER,95.95,96.28,93.44
2026-03-27 09:30:00+00:00,MCL,REVERSAL_CLOSE_UPPER,95.95,96.28,93.44
2026-03-27 09:45:00+00:00,SIL,CROSS_LOWER,68.74,70.16,68.81
2026-03-27 10:30:00+00:00,SIL,CROSS_LOWER,68.45,70.06,68.53
2026-03-27 10:45:00+00:00,MGC,PRIORITY_LOWER,4443.0,4472.51,4444.27
2026-03-27 10:45:00+00:00,SIL,PRIORITY_LOWER,68.38,70.06,68.42
2026-03-27 10:45:00+00:00,MGC,CROSS_LOWER,4443.9,4472.44,4444.43
2026-03-27 10:45:00+00:00,SIL,CROSS_LOWER,68.29,70.06,68.4
2026-03-27 10:45:00+00:00,MCL,CROSS_UPPER,97.07,96.91,94.14
2026-03-27 11:00:00+00:00,MGC,REVERSAL_BREAK_LOWER,4444.5,4472.06,4442.68
2026-03-27 11:00:00+00:00,MGC,REVERSAL_CLOSE_LOWER,4444.5,4472.06,4442.68
2026-03-27 11:00:00+00:00,SIL,PRIORITY_LOWER,68.21,70.02,68.27
2026-03-27 11:00:00+00:00,MCL,CROSS_UPPER,97.12,97.04,94.32
2026-03-27 11:00:00+00:00,MGC,CROSS_LOWER,4438.2,4472.53,4441.58
2026-03-27 11:00:00+00:00,SIL,CROSS_LOWER,68.17,70.02,68.26
2026-03-27 11:15:00+00:00,SIL,CROSS_LOWER,68.12,69.96,68.15
2026-03-27 11:15:00+00:00,MGC,CROSS_LOWER,4436.4,4472.79,4439.55
2026-03-27 11:15:00+00:00,SIL,REVERSAL_BREAK_LOWER,68.07,69.96,68.14
2026-03-27 11:30:00+00:00,SIL,REVERSAL_BREAK_LOWER,68.41,69.81,68.16
2026-03-27 11:30:00+00:00,SIL,REVERSAL_CLOSE_LOWER,68.41,69.81,68.16
2026-03-27 12:00:00+00:00,SIL,CROSS_LOWER,67.77,69.64,67.92
2026-03-27 12:15:00+00:00,SIL,CROSS_LOWER,67.73,69.51,67.85
2026-03-27 12:45:00+00:00,MGC,CROSS_UPPER,4470.1,4469.04,4441.73
2026-03-27 13:00:00+00:00,MGC,CROSS_UPPER,4469.6,4467.26,4442.55
2026-03-27 13:00:00+00:00,SIL,CROSS_LOWER,67.69,69.12,67.78
2026-03-27 13:00:00+00:00,MCL,CROSS_UPPER,97.35,97.17,95.87
2026-03-27 13:15:00+00:00,MGC,CROSS_UPPER,4468.7,4466.6,4442.59
2026-03-27 13:30:00+00:00,MCL,CROSS_UPPER,97.27,97.25,96.01
2026-03-27 13:45:00+00:00,MCL,PRIORITY_UPPER,97.41,97.35,96.05
2026-03-27 13:45:00+00:00,MCL,CROSS_UPPER,97.51,97.37,96.04
2026-03-27 14:00:00+00:00,MCL,PRIORITY_UPPER,97.79,97.56,96.02
2026-03-27 14:00:00+00:00,MGC,CROSS_UPPER,4490.3,4471.67,4438.98
2026-03-27 14:00:00+00:00,MCL,CROSS_UPPER,97.63,97.53,96.04
2026-03-27 14:15:00+00:00,MGC,PRIORITY_UPPER,4488.4,4475.91,4437.18
2026-03-27 14:15:00+00:00,MCL,REVERSAL_BREAK_UPPER,97.18,97.48,96.14
2026-03-27 14:15:00+00:00,MCL,REVERSAL_CLOSE_UPPER,97.18,97.48,96.14
2026-03-27 14:15:00+00:00,SIL,CROSS_UPPER,69.04,68.88,67.75
2026-03-27 14:15:00+00:00,MCL,CROSS_UPPER,97.69,97.56,96.12
2026-03-27 14:30:00+00:00,MGC,PRIORITY_UPPER,4486.1,4478.65,4436.52
2026-03-27 14:30:00+00:00,SIL,CROSS_UPPER,68.93,68.83,67.77
2026-03-27 14:30:00+00:00,MCL,PRIORITY_UPPER,97.9,97.72,96.18
